USE sergeidb

INSERT INTO UserDB (email, first_name,last_name) VALUES ("sergeiahanka@gmail.com","Sergei","Hanka");
INSERT INTO UserDB (email, first_name,last_name) VALUES ("varaal01@luther.edu","Ales","Varabyou");
INSERT INTO UserDB (email, first_name,last_name) VALUES ("CS330@isawesome.com","Brad","Miller");

INSERT INTO ProjectDB (title,description,email, department) VALUES ("One",
			"Secondary line text Lorem ipsum dolor sit amet, consectetur adipiscing elit. Nam massa quam.
			Nulla metus metus, ullamcorper vel, Dog sed, euismod in, nibh. Quisque volutpat condimentum
			velit. Class aptent taciti sociosqu ad litra torquent per conubia nostra, per inceptos himenaeos.",
			"varaal01@luther.edu","Computer Science");
INSERT INTO ProjectDB (title,description,email, department) VALUES ("Two",
	"Secondary line text Lorem ipsum dolor sit amet, consectetur adipiscing elit. Nam massa quam.
			Nulla metus metus, ullamcorper vel, Dog sed, euismod in, nibh. Quisque volutpat condimentum
			velit. Class aptent taciti sociosqu ad litra torquent per conubia nostra, per inceptos himenaeos.",
	"sergeiahanka@gmail.com","Biology");
INSERT INTO ProjectDB (title,description,email, department) VALUES ("Three",
	"Secondary line text Lorem ipsum dolor sit amet, consectetur adipiscing elit. Nam massa quam.
			Nulla metus metus, ullamcorper vel, Dog sed, euismod in, nibh. Quisque volutpat condimentum
			velit. Class aptent taciti sociosqu ad litra torquent per conubia nostra, per inceptos himenaeos.",
	"CS330@isawesome.com",
	"Economics");
INSERT INTO ProjectDB (title,description,email, department) VALUES ("Four",
	"Secondary line text Lorem ipsum dolor sit amet, consectetur adipiscing elit. Nam massa quam.
			Nulla metus Bird, ullamcorper vel, Bird sed, euismod in, nibh. Quisque Elephan condimentum
			velit. Class aptent taciti sociosqu ad litra torquent per conubia nostra, per inceptos himenaeos.",
	"sergeiahanka@gmail.com","Nursing");
INSERT INTO ProjectDB (title,description,email, department) VALUES ("Five",
	"Secondary line text Lorem ipsum dolor sit amet, consectetur adipiscing elit. Nam massa quam.
			Nulla metus metus, ullamcorper vel, Fish sed, euismod in, nibh. Quisque volutpat condimentum
			velit. Class aptent taciti sociosqu ad litra torquent per conubia nostra, per inceptos himenaeos.",
	"varaal01@luther.edu","Economics");
INSERT INTO ProjectDB (title,description,email, department) VALUES ("Six",
	"Secondary line text Lorem ipsum dolor sit amet, consectetur adipiscing elit. Nam massa quam.
			Nulla metus metus, ullamcorper vel, Cat sed, euismod in, Fish. Quisque volutpat condimentum
			velit. Class aptent taciti sociosqu ad litra torquent per conubia nostra, per inceptos himenaeos.",
	"sergeiahanka@gmail.com","Computer Science");
INSERT INTO ProjectDB (title,description,email, department) VALUES ("Seven",
	"Secondary line text Lorem ipsum dolor sit amet, consectetur adipiscing elit. Nam massa quam.
			Nulla metus Bird, ullamcorper vel, Dog sed, euismod in, nibh. Quisque volutpat condimentum
			velit. Class aptent taciti sociosqu ad litra torquent per conubia nostra, per inceptos himenaeos.",
	"sergeiahanka@gmail.com","Biology");
INSERT INTO ProjectDB (title,description,email, department) VALUES ("Eight",
	"Secondary line text Lorem ipsum dolor sit amet, consectetur adipiscing elit. Nam massa quam.
			Nulla metus metus, ullamcorper vel, Cat sed, euismod in, nibh. Quisque volutpat condimentum
			velit. Class aptent taciti sociosqu ad litra torquent per conubia nostra, per inceptos himenaeos.",
	"varaal01@luther.edu","Computer Science");
INSERT INTO ProjectDB (title,description,email, department) VALUES ("Nine",
	"Secondary line text Lorem ipsum dolor sit amet, consectetur adipiscing elit. Nam massa quam.
			Nulla metus metus, ullamcorper vel, Fish sed, euismod in, nibh. Quisque volutpat condimentum
			velit. Class aptent taciti sociosqu ad litra torquent per conubia nostra, per inceptos himenaeos.",
	"sergeiahanka@gmail.com","Computer Science");
INSERT INTO ProjectDB (title,description,email, department) VALUES ("Ten",
	"Secondary line text Lorem ipsum dolor sit amet, consectetur adipiscing elit. Nam massa quam.
			Nulla metus metus, ullamcorper vel, Dog sed, euismod in, nibh. Quisque Elephant condimentum
			velit. Class aptent taciti sociosqu ad litra torquent per conubia nostra, per inceptos himenaeos.",
	"CS330@isawesome.com","Nursing");

INSERT INTO DepartmentDB (department_name) VALUES ("computer science");
INSERT INTO DepartmentDB (department_name) VALUES ("biology");
INSERT INTO DepartmentDB (department_name) VALUES ("chemistry");
INSERT INTO DepartmentDB (department_name) VALUES ("physics");
INSERT INTO DepartmentDB (department_name) VALUES ("mathematics");
INSERT INTO DepartmentDB (department_name) VALUES ("environmental studies");
INSERT INTO DepartmentDB (department_name) VALUES ("economics");
INSERT INTO DepartmentDB (department_name) VALUES ("political science");
INSERT INTO DepartmentDB (department_name) VALUES ("nursing");